Workbook

Sheet Data_Cruda
A1: ¿A través de qué canal digital prefiere recibir información sobre bienestar y rescate animal? | B1: ¿Qué tipo de contenido visual le genera mayor nivel de confianza para decidir realizar una donación a una ONG? | C1: Al interactuar con las redes sociales de una fundación, ¿qué factor considera más importante para compartir su contenido? | D1: ¿Cuál es la principal barrera comunicativa que le impide donar a una entidad sin ánimo de lucro? | E1: Si usted decidiera adoptar una mascota, ¿qué formato publicitario captaría más su atención? | F1: ¿Considera que una identidad gráfica estandarizada y profesional en las redes de una ONG aumenta su percepción de transparencia institucional?
A2: Tik Tok | B2: Videos reales del rescate y recuperación | C2: Que el diseño gráfico sea atractivo y profesional | D2: Ninguna barrera (dono frecuentemente sin problema) | E2: Un afiche digital estático con diseño muy profesional | F2: Aporta a la imagen, pero no es decisivo para confiar
A3: Facebook | B3: Informes financieros e infografías | C3: Que evidencie el impacto real de las ayudas comunitarias | D3: Ninguna barrera (dono frecuentemente sin problema) | E3: Una infografía clara con los requisitos de adopción | F3: Aporta a la imagen, pero no es decisivo para confiar
A4: Otro (WhatsApp, X, etc.) | B4: Videos reales del rescate y recuperación | C4: Que evidencie el impacto real de las ayudas comunitarias | D4: Procesos de donación o plataformas de pago complejos | E4: Un video corto y dinámico tipo Reel / TikTok | F4: No influye en mi percepción de transparencia
A5: Facebook | B5: Informes financieros e infografías | C5: Que evidencie el impacto real de las ayudas comunitarias | D5: Procesos de donación o plataformas de pago complejos | E5: Una infografía clara con los requisitos de adopción | F5: Aporta a la imagen, pero no es decisivo para confiar
A6: Facebook | B6: Informes financieros e infografías | C6: Que apele a la emotividad y la urgencia | D6: Procesos de donación o plataformas de pago complejos | E6: Una infografía clara con los requisitos de adopción | F6: Sí, definitivamente
A7: Tik Tok | B7: Testimonios de adopción exitosa | C7: Que el contenido sea educativo (pedagogía) | D7: Poca información o desactualización en sus redes sociales | E7: Un carrusel de fotos detallando la historia del animal | F7: Sí, definitivamente
A8: Sitio Web Institucional | B8: Fotos de los animales en el refugio/hogar de paso | C8: Que el diseño gráfico sea atractivo y profesional | D8: Ninguna barrera (dono frecuentemente sin problema) | E8: Una transmisión en vivo interactuando con la mascota | F8: Sí, definitivamente
A9: Tik Tok | B9: Fotos de los animales en el refugio/hogar de paso | C9: Que apele a la emotividad y la urgencia | D9: Ninguna barrera (dono frecuentemente sin problema) | E9: Una infografía clara con los requisitos de adopción | F9: Sí, definitivamente
A10: Tik Tok | B10: Transmisiones en vivo (Lives) mostrando las instalaciones | C10: Que el diseño gráfico sea atractivo y profesional | D10: Poca información o desactualización en sus redes sociales | E10: Un video corto y dinámico tipo Reel / TikTok | F10: Sí, definitivamente
A11: Sitio Web Institucional | B11: Fotos de los animales en el refugio/hogar de paso | C11: Que apele a la emotividad y la urgencia | D11: Procesos de donación o plataformas de pago complejos | E11: Un afiche digital estático con diseño muy profesional | F11: No influye en mi percepción de transparencia
A12: Instagram | B12: Fotos de los animales en el refugio/hogar de paso | C12: Que apele a la emotividad y la urgencia | D12: Desconocimiento general de la fundación y su labor | E12: Un carrusel de fotos detallando la historia del animal | F12: Aporta a la imagen, pero no es decisivo para confiar
... A56: Otro (WhatsApp, X, etc.) | B56: Fotos de los animales en el refugio/hogar de paso | C56: Que apele a la emotividad y la urgencia | D56: Falta de claridad en cómo se administra el dinero | E56: Un afiche digital estático con diseño muy profesional | F56: No influye en mi percepción de transparencia

Sheet Tabulacion_KPIs
A1: Cana Digital | B1: Frecuencia | C1: Porcentaje | E1: Formato Publicitario | F1: Frecuencia | G1: Porcentaje
A2: Tik Tok | B2: =COUNTIF(Data_Cruda!A:A, A2) -> 16 | C2: =B2/55 -> 0.29090909 | E2: Un afiche digital estático con diseño muy profesional | F2: =COUNTIF(Data_Cruda!E:E, E2) -> 13 | G2: =F2/55 -> 0.23636364
A3: Facebook | B3: =COUNTIF(Data_Cruda!A:A, A3) -> 14 | C3: =B3/55 -> 0.25454545 | E3: Un video corto y dinámico tipo Reel / TikTok | F3: =COUNTIF(Data_Cruda!E:E, E3) -> 13 | G3: =F3/55 -> 0.23636364
A4: Sitio Web Institucional | B4: =COUNTIF(Data_Cruda!A:A, A4) -> 12 | C4: =B4/55 -> 0.21818182 | E4: Un carrusel de fotos detallando la historia del animal | F4: =COUNTIF(Data_Cruda!E:E, E4) -> 13 | G4: =F4/55 -> 0.23636364
A5: Otro (WhatsApp, X, etc.) | B5: =COUNTIF(Data_Cruda!A:A, A5) -> 8 | C5: =B5/55 -> 0.14545455 | E5: Una transmisión en vivo interactuando con la mascota | F5: =COUNTIF(Data_Cruda!E:E, E5) -> 9 | G5: =F5/55 -> 0.16363636
A6: Instagram | B6: =COUNTIF(Data_Cruda!A:A, A6) -> 5 | C6: =B6/55 -> 0.090909091 | E6: Una infografía clara con los requisitos de adopción | F6: =COUNTIF(Data_Cruda!E:E, E6) -> 7 | G6: =F6/55 -> 0.12727273
A9: Contenido Visual | B9: Frecuencia | C9: Porcentaje | E9: Percepción de Transparencia | F9: Frecuencia | G9: Porcentaje
A10: Videos reales del rescate y recuperación | B10: =COUNTIF(Data_Cruda!B:B, A10) -> 15 | C10: =B10/55 -> 0.27272727 | E10: Sí, definitivamente | F10: =COUNTIF(Data_Cruda!F:F, E10) -> 30 | G10: =F10/55 -> 0.54545455
A11: Informes financieros e infografías | B11: =COUNTIF(Data_Cruda!B:B, A11) -> 11 | C11: =B11/55 -> 0.2 | E11: No influye en mi percepción de transparencia | F11: =COUNTIF(Data_Cruda!F:F, E11) -> 13 | G11: =F11/55 -> 0.23636364
A12: Fotos de los animales en el refugio/hogar de paso | B12: =COUNTIF(Data_Cruda!B:B, A12) -> 11 | C12: =B12/55 -> 0.2 | E12: Aporta a la imagen, pero no es decisivo para confiar | F12: =COUNTIF(Data_Cruda!F:F, E12) -> 12 | G12: =F12/55 -> 0.21818182
A13: Testimonios de adopción exitosa | B13: =COUNTIF(Data_Cruda!B:B, A13) -> 9 | C13: =B13/55 -> 0.16363636
A14: Transmisiones en vivo (Lives) mostrando las instalaciones | B14: =COUNTIF(Data_Cruda!B:B, A14) -> 9 | C14: =B14/55 -> 0.16363636
A17: Factor de Interacción | B17: Frecuencia | C17: Porcentaje
A18: Que apele a la emotividad y la urgencia | B18: =COUNTIF(Data_Cruda!C:C, A18) -> 17 | C18: =B18/55 -> 0.30909091
A19: Que el diseño gráfico sea atractivo y profesional | B19: =COUNTIF(Data_Cruda!C:C, A19) -> 12 | C19: =B19/55 -> 0.21818182
A20: Que evidencie el impacto real de las ayudas comunitarias | B20: =COUNTIF(Data_Cruda!C:C, A20) -> 12 | C20: =B20/55 -> 0.21818182
A21: Que la información sea corta y precisa | B21: =COUNTIF(Data_Cruda!C:C, A21) -> 11 | C21: =B21/55 -> 0.2
A22: Que el contenido sea educativo (pedagogía) | B22: =COUNTIF(Data_Cruda!C:C, A22) -> 3 | C22: =B22/55 -> 0.054545455
A25: Barrera Comunicativa | B25: Frecuencia | C25: Porcentaje
A26: Ninguna barrera (dono frecuentemente sin problema) | B26: =COUNTIF(Data_Cruda!D:D, A26) -> 16 | C26: =B26/55 -> 0.29090909
A27: Poca información o desactualización en sus redes sociales | B27: =COUNTIF(Data_Cruda!D:D, A27) -> 12 | C27: =B27/55 -> 0.21818182
A28: Procesos de donación o plataformas de pago complejos | B28: =COUNTIF(Data_Cruda!D:D, A28) -> 11 | C28: =B28/55 -> 0.2
A29: Falta de claridad en cómo se administra el dinero | B29: =COUNTIF(Data_Cruda!D:D, A29) -> 9 | C29: =B29/55 -> 0.16363636
A30: Desconocimiento general de la fundación y su labor | B30: =COUNTIF(Data_Cruda!D:D, A30) -> 7 | C30: =B30/55 -> 0.12727273

Sheet Dashboard_Visual
A1: DASHBOARD DE AUDITORÍA COMUNICACIONAL – FUNDACIÓN O.R.C.A.
